iteration_number,unreachable_points_number,recall
0,0,0.999045
1,1,0.998836
2,4,0.998781
3,9,0.998757
4,17,0.998772
5,28,0.998719
6,33,0.998717
7,49,0.998753
8,55,0.998711
9,66,0.998738
10,76,0.998756
11,87,0.998686
12,99,0.998696
13,115,0.998704
14,121,0.998704
15,135,0.998697
16,148,0.998667
17,161,0.998712
18,182,0.998651
19,201,0.998643
20,217,0.998621
21,240,0.998624
22,252,0.998566
23,280,0.998589
24,295,0.998554
25,310,0.998593
26,324,0.998557
27,338,0.998552
28,358,0.998548
29,375,0.998559
30,389,0.998625
31,406,0.998602
32,419,0.998591
33,444,0.998611
34,463,0.998553
35,475,0.998524
36,492,0.998509
37,502,0.998517
38,513,0.998526
39,534,0.998488
40,550,0.998430
41,562,0.998445
42,577,0.998435
43,594,0.998461
44,611,0.998411
45,630,0.998401
46,643,0.998409
47,657,0.998469
48,683,0.998463
49,699,0.998437
50,709,0.998436
51,722,0.998454
52,738,0.998399
53,759,0.998413
54,775,0.998425
55,788,0.998420
56,801,0.998361
57,819,0.998351
58,834,0.998343
59,850,0.998309
60,865,0.998280
61,885,0.998299
62,892,0.998281
63,902,0.998224
64,926,0.998196
65,941,0.998210
66,950,0.998206
67,963,0.998185
68,978,0.998197
69,988,0.998213
70,1005,0.998201
71,1015,0.998244
72,1023,0.998162
73,1045,0.998148
74,1061,0.998159
75,1073,0.998176
76,1084,0.998137
77,1099,0.998114
78,1114,0.998125
79,1129,0.998091
80,1140,0.998093
81,1159,0.998082
82,1169,0.998062
83,1186,0.998041
84,1204,0.998038
85,1213,0.998005
86,1223,0.997936
87,1231,0.997982
88,1241,0.997985
89,1255,0.997997
90,1268,0.998004
91,1286,0.997965
92,1302,0.997949
93,1314,0.997987
94,1326,0.998011
95,1342,0.997995
96,1351,0.997994
97,1367,0.997948
98,1390,0.997935
99,1402,0.997926
100,1418,0.997913
101,1436,0.997858
102,1445,0.997853
103,1461,0.997880
104,1470,0.997879
105,1480,0.997888
106,1496,0.997848
107,1512,0.997804
108,1528,0.997818
109,1544,0.997835
110,1553,0.997815
111,1562,0.997804
112,1580,0.997794
113,1592,0.997758
114,1599,0.997772
115,1614,0.997746
116,1625,0.997757
117,1632,0.997703
118,1649,0.997689
119,1659,0.997716
120,1678,0.997686
121,1690,0.997665
122,1699,0.997643
123,1706,0.997665
124,1723,0.997672
125,1739,0.997647
126,1746,0.997687
127,1753,0.997673
128,1767,0.997627
129,1779,0.997635
130,1788,0.997577
131,1806,0.997601
132,1825,0.997594
133,1838,0.997586
134,1862,0.997576
135,1874,0.997587
136,1882,0.997583
137,1894,0.997574
138,1906,0.997542
139,1918,0.997538
140,1933,0.997499
141,1949,0.997473
142,1957,0.997503
143,1973,0.997476
144,1988,0.997472
145,2001,0.997465
146,2011,0.997483
147,2015,0.997467
148,2021,0.997416
149,2032,0.997397
150,2050,0.997386
151,2067,0.997411
152,2075,0.997400
153,2086,0.997344
154,2100,0.997311
155,2120,0.997313
156,2136,0.997366
157,2149,0.997331
158,2157,0.997312
159,2177,0.997302
160,2188,0.997305
161,2205,0.997351
162,2222,0.997309
163,2232,0.997326
164,2253,0.997302
165,2262,0.997298
166,2281,0.997271
167,2289,0.997248
168,2304,0.997203
169,2316,0.997200
170,2328,0.997206
171,2344,0.997186
172,2352,0.997180
173,2363,0.997255
174,2376,0.997256
175,2384,0.997191
176,2395,0.997190
177,2408,0.997168
178,2426,0.997183
179,2437,0.997155
180,2450,0.997117
181,2467,0.997054
182,2480,0.997051
183,2492,0.997089
184,2498,0.997090
185,2513,0.997115
186,2526,0.997060
187,2538,0.997020
188,2545,0.997027
189,2562,0.996985
190,2582,0.996990
191,2595,0.997004
192,2604,0.996947
193,2621,0.996908
194,2632,0.996941
195,2642,0.996927
196,2662,0.996904
197,2676,0.996863
198,2687,0.996852
199,2698,0.996854
200,2704,0.996834
201,2718,0.996829
202,2733,0.996833
203,2748,0.996830
204,2762,0.996809
205,2776,0.996806
206,2784,0.996779
207,2794,0.996807
208,2808,0.996792
209,2823,0.996775
210,2829,0.996760
211,2843,0.996740
212,2850,0.996752
213,2858,0.996747
214,2870,0.996735
215,2884,0.996748
216,2902,0.996747
217,2908,0.996721
218,2918,0.996700
219,2935,0.996714
220,2947,0.996673
221,2965,0.996655
222,2975,0.996640
223,2990,0.996638
224,2997,0.996647
225,3016,0.996655
226,3028,0.996613
227,3041,0.996623
228,3051,0.996620
229,3062,0.996616
230,3069,0.996589
231,3082,0.996555
232,3098,0.996518
233,3111,0.996526
234,3133,0.996515
235,3145,0.996531
236,3154,0.996542
237,3168,0.996544
238,3176,0.996532
239,3192,0.996515
240,3197,0.996520
241,3211,0.996516
242,3217,0.996477
243,3226,0.996439
244,3240,0.996439
245,3251,0.996424
246,3259,0.996435
247,3270,0.996416
248,3285,0.996450
249,3298,0.996456
250,3304,0.996413
251,3311,0.996457
252,3321,0.996413
253,3330,0.996372
254,3341,0.996403
255,3362,0.996397
256,3375,0.996371
257,3390,0.996397
258,3401,0.996411
259,3412,0.996351
260,3424,0.996356
261,3436,0.996359
262,3448,0.996316
263,3459,0.996289
264,3473,0.996267
265,3479,0.996272
266,3492,0.996265
267,3503,0.996218
268,3516,0.996230
269,3526,0.996228
270,3540,0.996237
271,3558,0.996256
272,3564,0.996261
273,3573,0.996257
274,3589,0.996200
275,3604,0.996178
276,3618,0.996157
277,3630,0.996157
278,3641,0.996170
279,3656,0.996156
280,3660,0.996118
281,3667,0.996101
282,3680,0.996075
283,3697,0.996098
284,3711,0.996104
285,3721,0.996129
286,3735,0.996070
287,3746,0.996077
288,3754,0.996114
289,3766,0.996121
290,3776,0.996089
291,3788,0.996052
292,3806,0.996056
293,3817,0.996045
294,3825,0.996028
295,3839,0.996047
296,3851,0.995996
297,3863,0.995964
298,3879,0.995955
299,3888,0.995932
300,3900,0.995927
301,3906,0.995933
302,3920,0.995944
303,3930,0.995918
304,3941,0.995877
305,3955,0.995924
306,3970,0.995911
307,3980,0.995915
308,3988,0.995924
309,4005,0.995928
310,4023,0.995897
311,4032,0.995887
312,4042,0.995876
313,4054,0.995847
314,4067,0.995819
315,4079,0.995768
316,4091,0.995737
317,4103,0.995746
318,4119,0.995786
319,4132,0.995757
320,4141,0.995803
321,4151,0.995805
322,4167,0.995836
323,4179,0.995784
324,4187,0.995774
325,4201,0.995765
326,4213,0.995777
327,4229,0.995723
328,4242,0.995691
329,4246,0.995694
330,4256,0.995683
331,4267,0.995687
332,4278,0.995724
333,4289,0.995689
334,4304,0.995660
335,4322,0.995660
336,4331,0.995652
337,4348,0.995621
338,4362,0.995600
339,4386,0.995600
340,4399,0.995598
341,4405,0.995585
342,4412,0.995597
343,4424,0.995542
344,4434,0.995515
345,4445,0.995533
346,4452,0.995539
347,4466,0.995533
348,4477,0.995534
349,4491,0.995471
350,4501,0.995473
351,4512,0.995473
352,4526,0.995436
353,4536,0.995419
354,4550,0.995419
355,4561,0.995411
356,4573,0.995392
357,4585,0.995387
358,4600,0.995386
359,4614,0.995400
360,4625,0.995406
361,4640,0.995396
362,4653,0.995358
363,4671,0.995393
364,4685,0.995376
365,4696,0.995330
366,4711,0.995319
367,4719,0.995310
368,4734,0.995325
369,4748,0.995274
370,4767,0.995264
371,4786,0.995271
372,4801,0.995223
373,4817,0.995257
374,4826,0.995234
375,4834,0.995227
376,4844,0.995210
377,4857,0.995160
378,4871,0.995171
379,4880,0.995138
380,4892,0.995150
381,4901,0.995139
382,4914,0.995129
383,4923,0.995127
384,4934,0.995123
385,4940,0.995093
386,4955,0.995055
387,4967,0.995090
388,4980,0.995061
389,5002,0.995013
390,5016,0.995009
391,5023,0.995014
392,5031,0.995044
393,5045,0.995025
394,5061,0.995013
395,5071,0.995000
396,5085,0.994989
397,5101,0.994971
398,5113,0.994957
399,5125,0.994933
400,5144,0.994966
401,5153,0.994959
402,5168,0.994935
403,5179,0.994917
404,5187,0.994875
405,5200,0.994904
406,5210,0.994913
407,5228,0.994924
408,5239,0.994936
409,5249,0.994934
410,5260,0.994914
411,5270,0.994875
412,5281,0.994876
413,5293,0.994892
414,5301,0.994858
415,5312,0.994821
416,5321,0.994780
417,5328,0.994802
418,5340,0.994777
419,5358,0.994802
420,5366,0.994794
421,5381,0.994737
422,5399,0.994715
423,5409,0.994690
424,5422,0.994677
425,5437,0.994650
426,5453,0.994628
427,5464,0.994625
428,5479,0.994663
429,5497,0.994637
430,5513,0.994585
431,5525,0.994608
432,5537,0.994620
433,5551,0.994622
434,5564,0.994553
435,5578,0.994589
436,5589,0.994548
437,5602,0.994601
438,5612,0.994591
439,5619,0.994562
440,5634,0.994568
441,5645,0.994548
442,5658,0.994556
443,5670,0.994521
444,5683,0.994523
445,5688,0.994481
446,5701,0.994403
447,5719,0.994401
448,5727,0.994424
449,5736,0.994429
450,5750,0.994420
451,5761,0.994407
452,5774,0.994387
453,5782,0.994356
454,5796,0.994349
455,5807,0.994396
456,5814,0.994353
457,5825,0.994335
458,5836,0.994366
459,5842,0.994389
460,5858,0.994324
461,5866,0.994313
462,5871,0.994306
463,5884,0.994307
464,5895,0.994254
465,5906,0.994270
466,5922,0.994270
467,5937,0.994243
468,5949,0.994243
469,5957,0.994209
470,5966,0.994238
471,5978,0.994215
472,5990,0.994195
473,6003,0.994169
474,6010,0.994170
475,6026,0.994164
476,6038,0.994167
477,6059,0.994168
478,6076,0.994163
479,6091,0.994174
480,6103,0.994131
481,6117,0.994181
482,6127,0.994133
483,6139,0.994073
484,6147,0.994139
485,6156,0.994118
486,6161,0.994075
487,6169,0.994088
488,6179,0.994084
489,6189,0.994084
490,6200,0.994055
491,6212,0.994059
492,6226,0.994084
493,6239,0.994038
494,6251,0.994027
495,6255,0.994042
496,6263,0.994029
497,6269,0.994008
498,6284,0.993979
499,6297,0.993983
500,6311,0.994007
501,6326,0.994001
502,6341,0.994022
503,6348,0.993960
504,6361,0.993930
505,6371,0.993965
506,6382,0.993944
507,6390,0.993918
508,6400,0.993873
509,6411,0.993849
510,6422,0.993893
511,6437,0.993874
512,6451,0.993843
513,6460,0.993825
514,6467,0.993856
515,6485,0.993819
516,6497,0.993844
517,6508,0.993811
518,6518,0.993804
519,6534,0.993795
520,6545,0.993786
521,6552,0.993769
522,6566,0.993778
523,6577,0.993722
524,6583,0.993698
525,6595,0.993699
526,6617,0.993691
527,6629,0.993663
528,6643,0.993668
529,6654,0.993666
530,6662,0.993681
531,6673,0.993646
532,6688,0.993654
533,6703,0.993643
534,6716,0.993585
535,6719,0.993627
536,6725,0.993601
537,6736,0.993627
538,6746,0.993614
539,6753,0.993602
540,6763,0.993580
541,6775,0.993574
542,6785,0.993568
543,6798,0.993565
544,6812,0.993578
545,6817,0.993535
546,6830,0.993514
547,6839,0.993510
548,6854,0.993473
549,6861,0.993499
550,6877,0.993482
551,6890,0.993476
552,6908,0.993465
553,6916,0.993479
554,6931,0.993472
555,6940,0.993458
556,6951,0.993440
557,6955,0.993417
558,6965,0.993420
559,6973,0.993370
560,6983,0.993368
561,6996,0.993331
562,7007,0.993367
563,7016,0.993391
564,7029,0.993332
565,7039,0.993336
566,7052,0.993300
567,7065,0.993307
568,7073,0.993282
569,7082,0.993280
570,7087,0.993241
571,7097,0.993262
572,7112,0.993247
573,7127,0.993238
574,7137,0.993241
575,7147,0.993272
576,7163,0.993222
577,7169,0.993191
578,7185,0.993229
579,7202,0.993217
580,7216,0.993239
581,7234,0.993207
582,7243,0.993194
583,7252,0.993160
584,7267,0.993161
585,7279,0.993139
586,7290,0.993112
587,7302,0.993074
588,7318,0.993095
589,7329,0.993092
590,7340,0.993120
591,7350,0.993100
592,7358,0.993059
593,7375,0.993039
594,7382,0.993065
595,7396,0.993028
596,7409,0.993019
597,7423,0.993037
598,7435,0.992998
599,7448,0.992995
600,7456,0.992966
601,7462,0.992958
602,7472,0.992932
603,7485,0.992883
604,7504,0.992854
605,7513,0.992832
606,7521,0.992872
607,7532,0.992875
608,7545,0.992889
609,7557,0.992913
610,7566,0.992871
611,7575,0.992870
612,7588,0.992842
613,7593,0.992833
614,7602,0.992839
615,7618,0.992806
616,7629,0.992796
617,7638,0.992783
618,7649,0.992765
619,7663,0.992787
620,7677,0.992781
621,7687,0.992726
622,7701,0.992719
623,7712,0.992708
624,7716,0.992679
625,7722,0.992709
626,7736,0.992706
627,7750,0.992723
628,7761,0.992685
629,7770,0.992675
630,7786,0.992641
631,7796,0.992625
632,7808,0.992639
633,7826,0.992629
634,7840,0.992620
635,7853,0.992621
636,7866,0.992596
637,7874,0.992567
638,7889,0.992550
639,7900,0.992538
640,7907,0.992546
641,7915,0.992565
642,7921,0.992586
643,7936,0.992546
644,7948,0.992533
645,7962,0.992542
646,7968,0.992484
647,7982,0.992454
648,7995,0.992474
649,8005,0.992455
650,8009,0.992476
651,8017,0.992470
652,8025,0.992456
653,8037,0.992429
654,8053,0.992445
655,8066,0.992369
656,8079,0.992350
657,8094,0.992374
658,8109,0.992354
659,8119,0.992372
660,8129,0.992374
661,8141,0.992383
662,8148,0.992348
663,8152,0.992335
664,8163,0.992355
665,8172,0.992286
666,8193,0.992268
667,8202,0.992281
668,8214,0.992274
669,8234,0.992220
670,8247,0.992254
671,8261,0.992230
672,8275,0.992230
673,8283,0.992251
674,8293,0.992233
675,8306,0.992211
676,8317,0.992220
677,8329,0.992232
678,8341,0.992227
679,8351,0.992173
680,8363,0.992183
681,8371,0.992166
682,8376,0.992144
683,8392,0.992198
684,8407,0.992192
685,8415,0.992194
686,8423,0.992223
687,8430,0.992163
688,8442,0.992140
689,8453,0.992156
690,8464,0.992156
691,8473,0.992103
692,8480,0.992066
693,8486,0.992067
694,8499,0.992057
695,8508,0.992039
696,8515,0.992062
697,8525,0.992035
698,8535,0.992062
699,8544,0.992044
700,8558,0.992028
701,8571,0.992021
702,8584,0.991986
703,8592,0.991945
704,8599,0.991950
705,8607,0.991959
706,8614,0.991951
707,8631,0.991909
708,8647,0.991915
709,8653,0.991863
710,8660,0.991912
711,8674,0.991868
712,8684,0.991898
713,8697,0.991871
714,8707,0.991839
715,8717,0.991843
716,8723,0.991868
717,8729,0.991826
718,8746,0.991802
719,8754,0.991774
720,8761,0.991790
721,8770,0.991775
722,8786,0.991788
723,8796,0.991772
724,8805,0.991721
725,8815,0.991773
726,8826,0.991732
727,8841,0.991722
728,8854,0.991720
729,8864,0.991679
730,8874,0.991722
731,8884,0.991685
732,8897,0.991710
733,8909,0.991716
734,8919,0.991686
735,8929,0.991657
736,8942,0.991661
737,8952,0.991666
738,8959,0.991623
739,8973,0.991587
740,8986,0.991564
741,8998,0.991549
742,9009,0.991562
743,9021,0.991541
744,9028,0.991552
745,9046,0.991612
746,9060,0.991554
747,9067,0.991562
748,9077,0.991497
749,9088,0.991504
750,9095,0.991516
751,9108,0.991498
752,9116,0.991458
753,9127,0.991464
754,9142,0.991423
755,9147,0.991416
756,9159,0.991395
757,9180,0.991389
758,9199,0.991413
759,9207,0.991372
760,9217,0.991391
761,9228,0.991406
762,9244,0.991364
763,9256,0.991358
764,9263,0.991280
765,9272,0.991306
766,9284,0.991327
767,9297,0.991282
768,9305,0.991279
769,9317,0.991291
770,9328,0.991313
771,9339,0.991300
772,9352,0.991304
773,9362,0.991273
774,9379,0.991275
775,9395,0.991247
776,9399,0.991270
777,9406,0.991246
778,9410,0.991207
779,9417,0.991203
780,9425,0.991199
781,9438,0.991201
782,9451,0.991224
783,9461,0.991212
784,9470,0.991197
785,9478,0.991223
786,9488,0.991188
787,9500,0.991212
788,9513,0.991186
789,9523,0.991157
790,9531,0.991187
791,9545,0.991136
792,9558,0.991137
793,9569,0.991160
794,9580,0.991131
795,9590,0.991123
796,9609,0.991058
797,9621,0.991092
798,9630,0.991107
799,9638,0.991043
800,9651,0.991026
801,9664,0.991050
802,9676,0.991033
803,9690,0.990999
804,9701,0.990977
805,9713,0.990975
806,9721,0.990944
807,9725,0.990900
808,9744,0.990862
809,9757,0.990917
810,9769,0.990949
811,9784,0.990933
812,9793,0.990904
813,9806,0.990890
814,9827,0.990865
815,9835,0.990839
816,9844,0.990828
817,9854,0.990813
818,9856,0.990850
819,9870,0.990857
820,9882,0.990850
821,9885,0.990841
822,9896,0.990815
823,9909,0.990805
824,9920,0.990764
825,9934,0.990767
826,9947,0.990769
827,9955,0.990720
828,9971,0.990725
829,9993,0.990740
830,10003,0.990763
831,10015,0.990752
832,10030,0.990750
833,10041,0.990745
834,10046,0.990721
835,10053,0.990739
836,10070,0.990719
837,10081,0.990719
838,10089,0.990667
839,10096,0.990687
840,10103,0.990664
841,10120,0.990631
842,10124,0.990613
843,10138,0.990608
844,10145,0.990586
845,10158,0.990559
846,10166,0.990557
847,10178,0.990573
848,10190,0.990571
849,10199,0.990543
850,10214,0.990506
851,10224,0.990494
852,10234,0.990512
853,10241,0.990520
854,10251,0.990482
855,10260,0.990508
856,10280,0.990499
857,10294,0.990458
858,10300,0.990460
859,10309,0.990435
860,10322,0.990413
861,10334,0.990356
862,10351,0.990370
863,10357,0.990365
864,10371,0.990361
865,10380,0.990372
866,10386,0.990355
867,10401,0.990357
868,10409,0.990368
869,10428,0.990353
870,10435,0.990347
871,10453,0.990326
872,10462,0.990301
873,10469,0.990283
874,10489,0.990297
875,10513,0.990325
876,10530,0.990278
877,10545,0.990252
878,10557,0.990258
879,10565,0.990268
880,10575,0.990239
881,10585,0.990236
882,10601,0.990219
883,10617,0.990199
884,10633,0.990184
885,10644,0.990166
886,10652,0.990163
887,10669,0.990144
888,10682,0.990134
889,10696,0.990124
890,10709,0.990082
891,10721,0.990085
892,10735,0.990047
893,10746,0.990088
894,10756,0.990097
895,10766,0.990058
896,10773,0.990023
897,10782,0.989998
898,10799,0.990013
899,10816,0.990004
900,10826,0.989982
901,10841,0.989959
902,10852,0.989997
903,10859,0.989981
904,10871,0.989971
905,10882,0.989937
906,10887,0.989941
907,10898,0.989917
908,10911,0.989933
909,10918,0.989923
910,10933,0.989915
911,10949,0.989911
912,10959,0.989897
913,10969,0.989898
914,10978,0.989862
915,10984,0.989871
916,11007,0.989834
917,11012,0.989813
918,11025,0.989819
919,11037,0.989774
920,11051,0.989797
921,11066,0.989813
922,11077,0.989815
923,11092,0.989790
924,11101,0.989774
925,11109,0.989748
926,11120,0.989748
927,11123,0.989721
928,11135,0.989710
929,11144,0.989696
930,11156,0.989676
931,11166,0.989684
932,11182,0.989712
933,11192,0.989704
934,11196,0.989676
935,11215,0.989659
936,11226,0.989664
937,11235,0.989645
938,11245,0.989623
939,11257,0.989583
940,11275,0.989629
941,11285,0.989607
942,11298,0.989600
943,11304,0.989600
944,11312,0.989572
945,11321,0.989575
946,11331,0.989570
947,11344,0.989541
948,11351,0.989549
949,11360,0.989545
950,11372,0.989572
951,11380,0.989550
952,11388,0.989515
953,11396,0.989511
954,11410,0.989485
955,11422,0.989504
956,11429,0.989528
957,11442,0.989472
958,11450,0.989497
959,11453,0.989455
960,11464,0.989464
961,11479,0.989422
962,11499,0.989370
963,11507,0.989381
964,11522,0.989394
965,11538,0.989383
966,11552,0.989324
967,11564,0.989362
968,11577,0.989374
969,11587,0.989322
970,11601,0.989293
971,11617,0.989283
972,11628,0.989227
973,11636,0.989190
974,11639,0.989160
975,11655,0.989223
976,11666,0.989193
977,11675,0.989186
978,11681,0.989142
979,11698,0.989160
980,11710,0.989195
981,11722,0.989170
982,11743,0.989175
983,11753,0.989147
984,11763,0.989194
985,11770,0.989125
986,11783,0.989127
987,11794,0.989093
988,11803,0.989080
989,11812,0.989069
990,11817,0.989056
991,11826,0.989069
992,11836,0.989087
993,11847,0.989039
994,11859,0.989034
995,11881,0.989002
996,11886,0.988969
997,11890,0.988948
998,11898,0.988992
999,11911,0.989009
1000,11918,0.988998
1001,11932,0.988991
1002,11941,0.989022
1003,11952,0.988982
1004,11963,0.988928
1005,11974,0.988917
1006,11983,0.988906
1007,11997,0.988909
1008,12006,0.988928
1009,12026,0.988893
1010,12038,0.988883
1011,12051,0.988875
1012,12063,0.988871
1013,12078,0.988851
1014,12094,0.988854
1015,12103,0.988832
1016,12109,0.988798
1017,12124,0.988791
1018,12131,0.988769
1019,12142,0.988780
1020,12155,0.988720
1021,12169,0.988721
1022,12182,0.988743
1023,12194,0.988749
1024,12201,0.988727
1025,12216,0.988706
1026,12226,0.988694
1027,12240,0.988702
1028,12255,0.988657
1029,12262,0.988634
1030,12274,0.988621
1031,12290,0.988633
1032,12301,0.988635
1033,12307,0.988640
1034,12323,0.988640
1035,12328,0.988618
1036,12340,0.988608
1037,12350,0.988590
1038,12355,0.988557
1039,12368,0.988508
1040,12379,0.988488
1041,12394,0.988513
1042,12402,0.988508
1043,12414,0.988488
1044,12425,0.988524
1045,12432,0.988483
1046,12448,0.988506
1047,12458,0.988463
1048,12465,0.988446
1049,12483,0.988471
1050,12497,0.988416
1051,12512,0.988418
1052,12521,0.988436
1053,12529,0.988456
1054,12542,0.988398
1055,12553,0.988391
1056,12562,0.988405
1057,12571,0.988394
1058,12579,0.988371
1059,12587,0.988391
1060,12597,0.988314
1061,12612,0.988313
1062,12624,0.988342
1063,12635,0.988327
1064,12645,0.988334
1065,12657,0.988302
1066,12670,0.988269
1067,12684,0.988264
1068,12698,0.988215
1069,12708,0.988252
1070,12719,0.988234
1071,12738,0.988223
1072,12755,0.988211
1073,12766,0.988183
1074,12779,0.988193
1075,12789,0.988180
1076,12796,0.988188
1077,12805,0.988174
1078,12822,0.988168
1079,12833,0.988154
1080,12844,0.988126
1081,12851,0.988122
1082,12864,0.988142
1083,12877,0.988131
1084,12888,0.988112
1085,12897,0.988084
1086,12907,0.988045
1087,12915,0.988045
1088,12925,0.988025
1089,12938,0.988046
1090,12952,0.988008
1091,12960,0.987954
1092,12971,0.987987
1093,12978,0.988046
1094,12994,0.988012
1095,12999,0.987983
1096,13003,0.987967
1097,13011,0.987975
1098,13022,0.987993
1099,13031,0.987947
1100,13045,0.987947
1101,13058,0.987958
1102,13069,0.987937
1103,13077,0.987903
1104,13084,0.987878
1105,13095,0.987910
1106,13109,0.987943
1107,13117,0.987922
1108,13135,0.987884
1109,13149,0.987870
1110,13163,0.987844
1111,13175,0.987831
1112,13191,0.987819
1113,13198,0.987770
1114,13211,0.987777
1115,13220,0.987762
1116,13240,0.987794
1117,13251,0.987760
1118,13257,0.987764
1119,13271,0.987768
1120,13281,0.987751
1121,13289,0.987763
1122,13296,0.987751
1123,13304,0.987760
1124,13312,0.987761
1125,13320,0.987757
1126,13336,0.987714
1127,13341,0.987693
1128,13343,0.987711
1129,13352,0.987677
1130,13360,0.987697
1131,13370,0.987684
1132,13384,0.987701
1133,13390,0.987634
1134,13397,0.987629
1135,13406,0.987611
1136,13414,0.987616
1137,13424,0.987611
1138,13444,0.987609
1139,13455,0.987608
1140,13467,0.987584
1141,13477,0.987594
1142,13488,0.987563
1143,13497,0.987502
1144,13506,0.987488
1145,13521,0.987500
1146,13539,0.987537
1147,13556,0.987516
1148,13567,0.987500
1149,13581,0.987466
1150,13593,0.987421
1151,13597,0.987436
1152,13605,0.987425
1153,13617,0.987436
1154,13633,0.987439
1155,13652,0.987415
1156,13662,0.987433
1157,13674,0.987429
1158,13689,0.987428
1159,13699,0.987449
1160,13706,0.987417
1161,13716,0.987425
1162,13722,0.987377
1163,13737,0.987320
1164,13747,0.987300
1165,13763,0.987284
1166,13777,0.987284
1167,13794,0.987233
1168,13807,0.987307
1169,13811,0.987313
1170,13819,0.987301
1171,13825,0.987319
1172,13836,0.987283
1173,13852,0.987272
1174,13865,0.987232
1175,13876,0.987224
1176,13889,0.987223
1177,13895,0.987172
1178,13910,0.987135
1179,13917,0.987112
1180,13928,0.987123
1181,13940,0.987096
1182,13950,0.987104
1183,13962,0.987081
1184,13980,0.987066
1185,13996,0.987074
1186,14005,0.987087
1187,14019,0.987053
1188,14037,0.987066
1189,14044,0.987043
1190,14050,0.987002
1191,14062,0.986978
1192,14076,0.986943
1193,14099,0.986953
1194,14110,0.986938
1195,14124,0.986935
1196,14138,0.986938
1197,14152,0.986925
1198,14158,0.986904
1199,14167,0.986958
1200,14187,0.986908
1201,14197,0.986908
1202,14214,0.986887
1203,14228,0.986858
1204,14236,0.986859
1205,14251,0.986859
1206,14259,0.986818
1207,14271,0.986815
1208,14285,0.986804
1209,14300,0.986821
1210,14308,0.986824
1211,14316,0.986777
1212,14328,0.986748
1213,14340,0.986733
1214,14351,0.986718
1215,14363,0.986771
1216,14376,0.986797
1217,14387,0.986784
1218,14397,0.986752
1219,14405,0.986757
1220,14421,0.986750
1221,14432,0.986760
1222,14435,0.986725
1223,14444,0.986715
1224,14453,0.986687
1225,14461,0.986698
1226,14481,0.986691
1227,14493,0.986654
1228,14506,0.986671
1229,14512,0.986641
1230,14519,0.986640
1231,14530,0.986614
1232,14534,0.986655
1233,14544,0.986643
1234,14556,0.986620
1235,14565,0.986632
1236,14570,0.986579
1237,14581,0.986565
1238,14594,0.986507
1239,14604,0.986530
1240,14613,0.986528
1241,14622,0.986499
1242,14628,0.986532
1243,14641,0.986538
1244,14654,0.986505
1245,14667,0.986500
1246,14677,0.986505
1247,14693,0.986509
1248,14706,0.986450
1249,14714,0.986467
1250,14724,0.986446
1251,14732,0.986464
1252,14746,0.986434
1253,14758,0.986429
1254,14768,0.986421
1255,14775,0.986353
1256,14781,0.986374
1257,14796,0.986348
1258,14804,0.986332
1259,14813,0.986331
1260,14828,0.986347
1261,14833,0.986382
1262,14840,0.986349
1263,14848,0.986326
1264,14860,0.986330
1265,14870,0.986309
1266,14879,0.986289
1267,14896,0.986295
1268,14902,0.986301
1269,14914,0.986260
1270,14925,0.986232
1271,14937,0.986243
1272,14945,0.986208
1273,14959,0.986232
1274,14972,0.986213
1275,14982,0.986237
1276,14992,0.986247
1277,15002,0.986239
1278,15014,0.986203
1279,15024,0.986160
1280,15038,0.986158
1281,15054,0.986156
1282,15065,0.986166
1283,15080,0.986123
1284,15092,0.986133
1285,15103,0.986114
1286,15113,0.986107
1287,15124,0.986065
1288,15135,0.986017
1289,15145,0.986021
1290,15158,0.985979
1291,15170,0.985973
1292,15175,0.985954
1293,15182,0.985939
1294,15195,0.985967
1295,15211,0.985943
1296,15223,0.985994
1297,15233,0.985947
1298,15237,0.985943
1299,15249,0.985956
1300,15253,0.985982
1301,15259,0.985952
1302,15275,0.985970
1303,15287,0.985938
1304,15292,0.985951
1305,15304,0.985923
1306,15313,0.985898
1307,15329,0.985928
1308,15344,0.985907
1309,15352,0.985870
1310,15367,0.985885
1311,15378,0.985877
1312,15391,0.985850
1313,15402,0.985835
1314,15423,0.985820
1315,15430,0.985778
1316,15446,0.985784
1317,15459,0.985801
1318,15473,0.985763
1319,15486,0.985746
1320,15495,0.985714
1321,15504,0.985686
1322,15516,0.985668
1323,15533,0.985689
1324,15542,0.985691
1325,15552,0.985668
1326,15566,0.985662
1327,15580,0.985686
1328,15587,0.985670
1329,15595,0.985655
1330,15607,0.985622
1331,15613,0.985606
1332,15623,0.985563
1333,15635,0.985584
1334,15642,0.985585
1335,15659,0.985565
1336,15665,0.985579
1337,15666,0.985608
1338,15674,0.985556
1339,15686,0.985567
1340,15696,0.985581
1341,15705,0.985566
1342,15716,0.985575
1343,15728,0.985608
1344,15738,0.985563
1345,15759,0.985497
1346,15768,0.985468
1347,15778,0.985420
1348,15787,0.985420
1349,15802,0.985385
1350,15809,0.985372
1351,15822,0.985426
1352,15832,0.985449
1353,15843,0.985399
1354,15855,0.985396
1355,15863,0.985403
1356,15871,0.985417
1357,15880,0.985393
1358,15887,0.985403
1359,15894,0.985392
1360,15901,0.985389
1361,15913,0.985370
1362,15934,0.985344
1363,15945,0.985352
1364,15953,0.985299
1365,15963,0.985250
1366,15981,0.985253
1367,15996,0.985243
1368,16013,0.985261
1369,16024,0.985277
1370,16034,0.985266
1371,16053,0.985278
1372,16064,0.985270
1373,16075,0.985237
1374,16086,0.985226
1375,16096,0.985214
1376,16109,0.985220
1377,16119,0.985227
1378,16130,0.985199
1379,16138,0.985206
1380,16151,0.985199
1381,16165,0.985193
1382,16175,0.985167
1383,16186,0.985181
1384,16198,0.985166
1385,16207,0.985146
1386,16219,0.985127
1387,16235,0.985148
1388,16246,0.985115
1389,16254,0.985068
1390,16264,0.985032
1391,16278,0.985030
1392,16284,0.985041
1393,16292,0.985027
1394,16298,0.985048
1395,16309,0.985010
1396,16316,0.984974
1397,16320,0.985019
1398,16329,0.985038
1399,16340,0.985009
1400,16349,0.985005
1401,16352,0.984982
1402,16363,0.984975
1403,16371,0.984939
1404,16383,0.984941
1405,16387,0.984931
1406,16400,0.984899
1407,16412,0.984870
1408,16420,0.984878
1409,16435,0.984922
1410,16443,0.984913
1411,16447,0.984898
1412,16456,0.984884
1413,16470,0.984907
1414,16477,0.984849
1415,16484,0.984845
1416,16497,0.984855
1417,16504,0.984824
1418,16515,0.984831
1419,16523,0.984853
1420,16535,0.984816
1421,16543,0.984779
1422,16547,0.984805
1423,16562,0.984782
1424,16570,0.984738
1425,16581,0.984748
1426,16603,0.984724
1427,16611,0.984666
1428,16623,0.984668
1429,16632,0.984685
1430,16636,0.984661
1431,16647,0.984626
1432,16656,0.984660
1433,16667,0.984649
1434,16676,0.984641
1435,16690,0.984670
1436,16706,0.984656
1437,16714,0.984626
1438,16725,0.984604
1439,16738,0.984566
1440,16747,0.984586
1441,16756,0.984538
1442,16766,0.984563
1443,16780,0.984541
1444,16793,0.984520
1445,16806,0.984525
1446,16811,0.984512
1447,16826,0.984516
1448,16836,0.984453
1449,16848,0.984457
1450,16857,0.984456
1451,16869,0.984466
1452,16880,0.984458
1453,16888,0.984442
1454,16898,0.984464
1455,16913,0.984440
1456,16929,0.984411
1457,16937,0.984360
1458,16947,0.984353
1459,16957,0.984370
1460,16967,0.984367
1461,16980,0.984349
1462,16985,0.984346
1463,16999,0.984326
1464,17009,0.984318
1465,17018,0.984335
1466,17032,0.984309
1467,17047,0.984269
1468,17057,0.984256
1469,17067,0.984245
1470,17082,0.984264
1471,17091,0.984227
1472,17098,0.984248
1473,17108,0.984222
1474,17122,0.984273
1475,17131,0.984214
1476,17150,0.984217
1477,17160,0.984207
1478,17170,0.984190
1479,17178,0.984191
1480,17191,0.984171
1481,17200,0.984145
1482,17213,0.984108
1483,17231,0.984098
1484,17248,0.984092
1485,17255,0.984121
1486,17264,0.984074
1487,17279,0.984055
1488,17288,0.984069
1489,17305,0.984018
1490,17322,0.984023
1491,17339,0.983991
1492,17348,0.984010
1493,17354,0.983999
1494,17364,0.984029
1495,17379,0.983991
1496,17387,0.983951
1497,17399,0.983941
1498,17406,0.983868
1499,17412,0.983890
1500,17435,0.983901
1501,17447,0.983888
1502,17459,0.983900
1503,17466,0.983867
1504,17472,0.983905
1505,17482,0.983891
1506,17489,0.983848
1507,17497,0.983844
1508,17505,0.983855
1509,17516,0.983801
1510,17530,0.983804
1511,17536,0.983825
1512,17547,0.983794
1513,17557,0.983813
1514,17564,0.983819
1515,17577,0.983799
1516,17595,0.983776
1517,17601,0.983780
1518,17609,0.983736
1519,17622,0.983704
1520,17635,0.983696
1521,17647,0.983730
1522,17660,0.983743
1523,17671,0.983723
1524,17681,0.983667
1525,17693,0.983691
1526,17702,0.983675
1527,17707,0.983662
1528,17723,0.983649
1529,17734,0.983635
1530,17749,0.983621
1531,17761,0.983632
1532,17771,0.983623
1533,17785,0.983627
1534,17798,0.983557
1535,17809,0.983526
1536,17818,0.983531
1537,17834,0.983536
1538,17844,0.983554
1539,17857,0.983497
1540,17875,0.983456
1541,17886,0.983487
1542,17893,0.983444
1543,17896,0.983417
1544,17906,0.983420
1545,17921,0.983381
1546,17933,0.983390
1547,17945,0.983398
1548,17961,0.983419
1549,17970,0.983417
1550,17980,0.983415
1551,17988,0.983426
1552,17993,0.983435
1553,17998,0.983399
1554,18014,0.983372
1555,18018,0.983361
1556,18031,0.983306
1557,18044,0.983326
1558,18060,0.983288
1559,18067,0.983333
1560,18078,0.983320
1561,18093,0.983292
1562,18108,0.983311
1563,18122,0.983266
1564,18132,0.983271
1565,18143,0.983306
1566,18155,0.983270
1567,18161,0.983265
1568,18168,0.983287
1569,18178,0.983294
1570,18184,0.983246
1571,18197,0.983225
1572,18205,0.983232
1573,18217,0.983245
1574,18223,0.983219
1575,18238,0.983200
1576,18248,0.983191
1577,18261,0.983149
1578,18275,0.983133
1579,18286,0.983141
1580,18293,0.983140
1581,18301,0.983098
1582,18309,0.983115
1583,18316,0.983130
1584,18332,0.983130
1585,18345,0.983103
1586,18354,0.983095
1587,18362,0.983093
1588,18372,0.983109
1589,18386,0.983101
1590,18395,0.983058
1591,18399,0.982990
1592,18411,0.982996
1593,18422,0.982949
1594,18435,0.982997
1595,18451,0.982971
1596,18462,0.982938
1597,18474,0.982925
1598,18492,0.982915
1599,18507,0.982865
1600,18517,0.982861
1601,18526,0.982862
1602,18538,0.982850
1603,18555,0.982836
1604,18566,0.982818
1605,18578,0.982846
1606,18591,0.982858
1607,18600,0.982846
1608,18609,0.982830
1609,18617,0.982818
1610,18635,0.982808
1611,18649,0.982792
1612,18660,0.982762
1613,18671,0.982751
1614,18688,0.982733
1615,18696,0.982699
1616,18705,0.982713
1617,18713,0.982722
1618,18722,0.982720
1619,18727,0.982732
1620,18742,0.982777
1621,18754,0.982755
1622,18763,0.982732
1623,18775,0.982702
1624,18792,0.982704
1625,18796,0.982687
1626,18805,0.982655
1627,18817,0.982682
1628,18820,0.982621
1629,18832,0.982598
1630,18846,0.982612
1631,18853,0.982597
1632,18868,0.982566
1633,18874,0.982561
1634,18890,0.982552
1635,18899,0.982538
1636,18909,0.982571
1637,18919,0.982573
1638,18927,0.982545
1639,18943,0.982562
1640,18953,0.982494
1641,18964,0.982514
1642,18975,0.982495
1643,18999,0.982482
1644,19012,0.982526
1645,19022,0.982450
1646,19036,0.982481
1647,19050,0.982484
1648,19061,0.982445
1649,19070,0.982453
1650,19081,0.982475
1651,19087,0.982456
1652,19097,0.982419
1653,19110,0.982373
1654,19120,0.982376
1655,19130,0.982390
1656,19142,0.982308
1657,19155,0.982309
1658,19169,0.982288
1659,19177,0.982284
1660,19187,0.982301
1661,19196,0.982317
1662,19206,0.982343
1663,19213,0.982284
1664,19226,0.982270
1665,19233,0.982263
1666,19244,0.982281
1667,19257,0.982286
1668,19270,0.982232
1669,19281,0.982245
1670,19293,0.982195
1671,19307,0.982246
1672,19323,0.982189
1673,19336,0.982156
1674,19348,0.982119
1675,19359,0.982115
1676,19375,0.982084
1677,19387,0.982046
1678,19402,0.982059
1679,19417,0.982050
1680,19427,0.982047
1681,19445,0.982037
1682,19451,0.982042
1683,19455,0.982013
1684,19466,0.981993
1685,19478,0.981996
1686,19489,0.982006
1687,19496,0.981996
1688,19506,0.981945
1689,19516,0.981938
1690,19524,0.981911
1691,19533,0.981892
1692,19540,0.981894
1693,19552,0.981888
1694,19563,0.981868
1695,19578,0.981927
1696,19586,0.981883
1697,19591,0.981856
1698,19605,0.981834
1699,19620,0.981837
1700,19636,0.981836
1701,19644,0.981799
1702,19654,0.981813
1703,19663,0.981799
1704,19674,0.981796
1705,19690,0.981773
1706,19700,0.981779
1707,19709,0.981774
1708,19727,0.981765
1709,19741,0.981761
1710,19753,0.981736
1711,19761,0.981694
1712,19772,0.981698
1713,19783,0.981704
1714,19797,0.981660
1715,19804,0.981658
1716,19810,0.981645
1717,19823,0.981613
1718,19835,0.981618
1719,19845,0.981618
1720,19856,0.981632
1721,19869,0.981614
1722,19885,0.981625
1723,19894,0.981582
1724,19909,0.981624
1725,19913,0.981610
1726,19926,0.981602
1727,19938,0.981586
1728,19945,0.981559
1729,19955,0.981555
1730,19965,0.981545
1731,19976,0.981522
1732,19990,0.981529
1733,19998,0.981460
1734,20013,0.981478
1735,20022,0.981471
1736,20033,0.981450
1737,20038,0.981417
1738,20050,0.981449
1739,20059,0.981428
1740,20069,0.981419
1741,20076,0.981411
1742,20086,0.981373
1743,20098,0.981400
1744,20117,0.981377
1745,20132,0.981366
1746,20140,0.981357
1747,20144,0.981382
1748,20146,0.981388
1749,20157,0.981347
1750,20171,0.981359
1751,20190,0.981370
1752,20206,0.981337
1753,20217,0.981330
1754,20227,0.981320
1755,20237,0.981320
1756,20246,0.981288
1757,20261,0.981312
1758,20269,0.981270
1759,20280,0.981211
1760,20291,0.981171
1761,20303,0.981186
1762,20311,0.981180
1763,20322,0.981153
1764,20338,0.981144
1765,20347,0.981137
1766,20360,0.981142
1767,20370,0.981121
1768,20379,0.981169
1769,20397,0.981192
1770,20408,0.981158
1771,20419,0.981109
1772,20428,0.981098
1773,20433,0.981087
1774,20442,0.981083
1775,20453,0.981107
1776,20465,0.981096
1777,20480,0.981093
1778,20492,0.981067
1779,20506,0.981032
1780,20510,0.981027
1781,20523,0.980967
1782,20533,0.981012
1783,20556,0.980955
1784,20571,0.980921
1785,20579,0.980924
1786,20590,0.980965
1787,20601,0.980947
1788,20610,0.980956
1789,20620,0.980943
1790,20630,0.980939
1791,20640,0.980912
1792,20646,0.980903
1793,20659,0.980906
1794,20676,0.980922
1795,20681,0.980911
1796,20688,0.980914
1797,20702,0.980847
1798,20714,0.980824
1799,20724,0.980839
1800,20734,0.980836
1801,20745,0.980862
1802,20756,0.980801
1803,20771,0.980814
1804,20787,0.980845
1805,20797,0.980822
1806,20807,0.980820
1807,20817,0.980813
1808,20830,0.980788
1809,20846,0.980767
1810,20857,0.980763
1811,20864,0.980725
1812,20871,0.980708
1813,20884,0.980752
1814,20900,0.980737
1815,20910,0.980678
1816,20927,0.980651
1817,20941,0.980654
1818,20948,0.980634
1819,20946,0.980619
1820,20957,0.980583
1821,20974,0.980601
1822,20987,0.980608
1823,20996,0.980609
1824,21010,0.980623
1825,21021,0.980606
1826,21034,0.980562
1827,21047,0.980567
1828,21059,0.980608
1829,21073,0.980597
1830,21080,0.980543
1831,21092,0.980532
1832,21112,0.980493
1833,21119,0.980492
1834,21122,0.980480
1835,21132,0.980502
1836,21142,0.980497
1837,21153,0.980441
1838,21162,0.980443
1839,21174,0.980441
1840,21183,0.980451
1841,21196,0.980428
1842,21209,0.980420
1843,21220,0.980434
1844,21236,0.980418
1845,21242,0.980441
1846,21248,0.980378
1847,21261,0.980347
1848,21270,0.980346
1849,21286,0.980331
1850,21294,0.980357
1851,21301,0.980340
1852,21312,0.980327
1853,21332,0.980317
1854,21340,0.980308
1855,21350,0.980314
1856,21364,0.980302
1857,21377,0.980269
1858,21394,0.980287
1859,21405,0.980283
1860,21416,0.980283
1861,21425,0.980245
1862,21439,0.980275
1863,21442,0.980231
1864,21451,0.980209
1865,21465,0.980190
1866,21473,0.980153
1867,21478,0.980135
1868,21487,0.980082
1869,21493,0.980077
1870,21502,0.980099
1871,21513,0.980073
1872,21524,0.980132
1873,21536,0.980080
1874,21547,0.980088
1875,21556,0.980091
1876,21569,0.980055
1877,21586,0.980083
1878,21596,0.980037
1879,21609,0.980000
1880,21622,0.980037
1881,21644,0.980042
1882,21653,0.980062
1883,21661,0.980066
1884,21669,0.980031
1885,21683,0.980020
1886,21689,0.979994
1887,21700,0.979984
1888,21709,0.979976
1889,21718,0.980023
1890,21727,0.979961
1891,21735,0.979937
1892,21746,0.979946
1893,21757,0.979918
1894,21768,0.979961
1895,21778,0.979963
1896,21787,0.979952
1897,21796,0.979916
1898,21806,0.979926
1899,21816,0.979933
1900,21825,0.979931
1901,21836,0.979889
1902,21849,0.979884
1903,21859,0.979879
1904,21867,0.979871
1905,21875,0.979856
1906,21886,0.979858
1907,21896,0.979857
1908,21907,0.979801
1909,21919,0.979790
1910,21929,0.979797
1911,21933,0.979774
1912,21942,0.979786
1913,21947,0.979757
1914,21958,0.979779
1915,21972,0.979773
1916,21982,0.979761
1917,21996,0.979768
1918,22005,0.979706
1919,22017,0.979690
1920,22029,0.979665
1921,22044,0.979678
1922,22056,0.979669
1923,22071,0.979667
1924,22077,0.979656
1925,22086,0.979669
1926,22094,0.979638
1927,22103,0.979627
1928,22113,0.979587
1929,22121,0.979583
1930,22137,0.979588
1931,22148,0.979573
1932,22154,0.979584
1933,22163,0.979556
1934,22177,0.979498
1935,22191,0.979498
1936,22205,0.979477
1937,22214,0.979495
1938,22228,0.979540
1939,22244,0.979466
1940,22257,0.979441
1941,22262,0.979434
1942,22270,0.979424
1943,22278,0.979437
1944,22290,0.979437
1945,22302,0.979417
1946,22316,0.979405
1947,22327,0.979378
1948,22342,0.979363
1949,22352,0.979332
1950,22369,0.979337
1951,22381,0.979333
1952,22392,0.979325
1953,22400,0.979345
1954,22417,0.979396
1955,22425,0.979349
1956,22438,0.979319
1957,22447,0.979277
1958,22453,0.979275
1959,22462,0.979221
1960,22473,0.979239
1961,22485,0.979216
1962,22497,0.979190
1963,22510,0.979203
1964,22523,0.979230
1965,22531,0.979233
1966,22544,0.979208
1967,22549,0.979196
1968,22555,0.979183
1969,22563,0.979198
1970,22568,0.979182
1971,22578,0.979169
1972,22589,0.979148
1973,22593,0.979121
1974,22603,0.979123
1975,22613,0.979083
1976,22617,0.979035
1977,22631,0.979012
1978,22650,0.978985
1979,22666,0.978970
1980,22679,0.978976
1981,22693,0.978965
1982,22701,0.978954
1983,22709,0.978997
1984,22728,0.978970
1985,22735,0.978936
1986,22752,0.978963
1987,22763,0.978968
1988,22779,0.978931
1989,22796,0.978920
1990,22802,0.978930
1991,22813,0.978932
1992,22819,0.978896
1993,22825,0.978901
1994,22833,0.978877
1995,22842,0.978895
1996,22850,0.978879
1997,22855,0.978898
1998,22870,0.978880
1999,22875,0.978865
2000,22883,0.978872
2001,22889,0.978876
2002,22893,0.978844
2003,22903,0.978863
2004,22913,0.978839
2005,22923,0.978848
2006,22932,0.978816
2007,22948,0.978790
2008,22967,0.978763
2009,22989,0.978742
2010,23000,0.978751
2011,23014,0.978710
2012,23027,0.978711
2013,23041,0.978687
2014,23051,0.978665
2015,23063,0.978646
2016,23071,0.978646
2017,23079,0.978575
2018,23091,0.978606
2019,23094,0.978606
2020,23103,0.978589
2021,23114,0.978601
2022,23120,0.978588
2023,23132,0.978573
2024,23143,0.978567
2025,23151,0.978564
2026,23158,0.978548
2027,23169,0.978538
2028,23178,0.978542
2029,23189,0.978551
2030,23204,0.978564
2031,23220,0.978520
2032,23229,0.978599
2033,23240,0.978567
2034,23251,0.978517
2035,23266,0.978496
2036,23278,0.978493
2037,23287,0.978520
2038,23296,0.978536
2039,23308,0.978522
2040,23315,0.978492
2041,23323,0.978489
2042,23334,0.978510
2043,23347,0.978495
2044,23355,0.978436
2045,23371,0.978438
2046,23378,0.978455
2047,23386,0.978427
2048,23401,0.978426
2049,23409,0.978438
2050,23418,0.978410
2051,23428,0.978391
2052,23436,0.978366
2053,23446,0.978316
2054,23457,0.978305
2055,23463,0.978293
2056,23471,0.978321
2057,23479,0.978331
2058,23494,0.978305
2059,23497,0.978305
2060,23503,0.978287
2061,23510,0.978289
2062,23520,0.978300
2063,23531,0.978247
2064,23539,0.978224
2065,23550,0.978250
2066,23557,0.978225
2067,23567,0.978236
2068,23577,0.978215
2069,23590,0.978208
2070,23602,0.978186
2071,23615,0.978197
2072,23622,0.978209
2073,23626,0.978188
2074,23644,0.978174
2075,23654,0.978135
2076,23664,0.978132
2077,23683,0.978113
2078,23692,0.978112
2079,23702,0.978100
2080,23715,0.978097
2081,23727,0.978081
2082,23742,0.978027
2083,23758,0.977979
2084,23769,0.977990
2085,23780,0.977980
2086,23795,0.977990
2087,23808,0.977946
2088,23818,0.977979
2089,23834,0.977971
2090,23841,0.977922
2091,23850,0.977926
2092,23861,0.977928
2093,23868,0.977947
2094,23877,0.977925
2095,23886,0.977925
2096,23894,0.977904
2097,23904,0.977873
2098,23915,0.977863
2099,23925,0.977786
2100,23937,0.977788
2101,23952,0.977777
2102,23965,0.977785
2103,23975,0.977767
2104,23986,0.977769
2105,23999,0.977781
2106,24007,0.977800
2107,24022,0.977752
2108,24035,0.977773
2109,24040,0.977785
2110,24052,0.977735
2111,24061,0.977735
2112,24078,0.977715
2113,24088,0.977743
2114,24101,0.977714
2115,24112,0.977692
2116,24129,0.977637
2117,24147,0.977692
2118,24158,0.977680
2119,24169,0.977643
2120,24174,0.977630
2121,24179,0.977647
2122,24186,0.977631
2123,24192,0.977622
2124,24203,0.977634
2125,24212,0.977614
2126,24216,0.977593
2127,24230,0.977552
2128,24246,0.977549
2129,24256,0.977557
2130,24269,0.977554
2131,24285,0.977514
2132,24296,0.977505
2133,24304,0.977504
2134,24316,0.977510
2135,24324,0.977508
2136,24339,0.977474
2137,24349,0.977416
2138,24362,0.977447
2139,24375,0.977432
2140,24383,0.977442
2141,24389,0.977408
2142,24398,0.977391
2143,24411,0.977399
2144,24421,0.977339
2145,24441,0.977341
2146,24455,0.977326
2147,24466,0.977312
2148,24474,0.977294
2149,24482,0.977265
2150,24498,0.977267
2151,24515,0.977255
2152,24520,0.977215
2153,24525,0.977252
2154,24533,0.977246
2155,24544,0.977199
2156,24556,0.977207
2157,24564,0.977202
2158,24572,0.977184
2159,24592,0.977176
2160,24607,0.977144
2161,24621,0.977153
2162,24634,0.977162
2163,24648,0.977123
2164,24664,0.977125
2165,24676,0.977073
2166,24688,0.977055
2167,24697,0.977066
2168,24710,0.977071
2169,24722,0.977063
2170,24734,0.977039
2171,24747,0.976983
2172,24755,0.977008
2173,24767,0.976973
2174,24773,0.976984
2175,24779,0.977015
2176,24794,0.977017
2177,24800,0.977025
2178,24811,0.976990
2179,24829,0.976935
2180,24842,0.976911
2181,24860,0.976907
2182,24868,0.976889
2183,24877,0.976898
2184,24893,0.976891
2185,24905,0.976869
2186,24918,0.976834
2187,24931,0.976839
2188,24941,0.976854
2189,24949,0.976785
2190,24963,0.976819
2191,24976,0.976810
2192,24987,0.976803
2193,24999,0.976773
2194,25007,0.976770
2195,25019,0.976746
2196,25027,0.976747
2197,25034,0.976738
2198,25045,0.976747
2199,25056,0.976768
2200,25065,0.976772
2201,25077,0.976750
2202,25088,0.976712
2203,25103,0.976704
2204,25116,0.976712
2205,25137,0.976720
2206,25147,0.976717
2207,25157,0.976657
2208,25168,0.976644
2209,25176,0.976632
2210,25186,0.976657
2211,25196,0.976636
2212,25209,0.976590
2213,25218,0.976567
2214,25230,0.976645
2215,25240,0.976658
2216,25249,0.976606
2217,25257,0.976594
2218,25270,0.976580
2219,25277,0.976569
2220,25290,0.976519
2221,25305,0.976537
2222,25315,0.976559
2223,25316,0.976600
2224,25323,0.976573
2225,25331,0.976528
2226,25338,0.976504
2227,25346,0.976502
2228,25359,0.976458
2229,25368,0.976461
2230,25385,0.976405
2231,25390,0.976411
2232,25396,0.976416
2233,25412,0.976396
2234,25425,0.976390
2235,25437,0.976379
2236,25448,0.976341
2237,25463,0.976353
2238,25481,0.976316
2239,25489,0.976355
2240,25497,0.976322
2241,25508,0.976304
2242,25520,0.976345
2243,25534,0.976355
2244,25547,0.976328
2245,25562,0.976316
2246,25574,0.976287
2247,25589,0.976262
2248,25601,0.976233
2249,25613,0.976224
2250,25628,0.976217
2251,25632,0.976224
2252,25639,0.976227
2253,25651,0.976219
2254,25658,0.976186
2255,25666,0.976209
2256,25672,0.976186
2257,25682,0.976175
2258,25686,0.976181
2259,25694,0.976176
2260,25707,0.976142
2261,25720,0.976115
2262,25731,0.976132
2263,25744,0.976140
2264,25758,0.976137
2265,25773,0.976087
2266,25783,0.976077
2267,25796,0.976098
2268,25805,0.976090
2269,25816,0.976065
2270,25824,0.976043
2271,25838,0.976047
2272,25855,0.976017
2273,25866,0.975999
2274,25876,0.976055
2275,25882,0.976008
2276,25895,0.975975
2277,25910,0.975970
2278,25918,0.975973
2279,25927,0.975931
2280,25940,0.975928
2281,25950,0.975931
2282,25960,0.975922
2283,25974,0.975922
2284,25986,0.975891
2285,25993,0.975883
2286,26000,0.975870
2287,26012,0.975873
2288,26029,0.975886
2289,26038,0.975871
2290,26045,0.975893
2291,26054,0.975840
2292,26065,0.975829
2293,26078,0.975848
2294,26087,0.975833
2295,26098,0.975806
2296,26105,0.975805
2297,26116,0.975773
2298,26129,0.975756
2299,26142,0.975718
2300,26153,0.975739
2301,26160,0.975738
2302,26169,0.975706
2303,26177,0.975714
2304,26186,0.975703
2305,26199,0.975662
2306,26207,0.975678
2307,26222,0.975699
2308,26233,0.975713
2309,26241,0.975726
2310,26249,0.975708
2311,26260,0.975658
2312,26273,0.975659
2313,26279,0.975684
2314,26287,0.975656
2315,26301,0.975632
2316,26317,0.975603
2317,26327,0.975618
2318,26338,0.975573
2319,26354,0.975565
2320,26363,0.975602
2321,26370,0.975556
2322,26384,0.975558
2323,26399,0.975564
2324,26406,0.975578
2325,26411,0.975560
2326,26423,0.975526
2327,26437,0.975528
2328,26449,0.975550
2329,26461,0.975537
2330,26467,0.975482
2331,26484,0.975494
2332,26495,0.975464
2333,26502,0.975422
2334,26513,0.975432
2335,26524,0.975408
2336,26530,0.975403
2337,26541,0.975369
2338,26554,0.975368
2339,26565,0.975397
2340,26575,0.975416
2341,26587,0.975383
2342,26597,0.975368
2343,26607,0.975374
2344,26620,0.975336
2345,26627,0.975314
2346,26641,0.975304
2347,26650,0.975252
2348,26663,0.975266
2349,26675,0.975299
2350,26685,0.975281
2351,26706,0.975230
2352,26716,0.975229
2353,26722,0.975189
2354,26727,0.975235
2355,26739,0.975243
2356,26742,0.975261
2357,26752,0.975243
2358,26762,0.975249
2359,26772,0.975276
2360,26783,0.975233
2361,26796,0.975238
2362,26803,0.975212
2363,26820,0.975156
2364,26837,0.975107
2365,26847,0.975113
2366,26860,0.975124
2367,26875,0.975149
2368,26883,0.975114
2369,26888,0.975113
2370,26897,0.975076
2371,26912,0.975081
2372,26920,0.975084
2373,26932,0.975081
2374,26941,0.975068
2375,26946,0.975031
2376,26954,0.975039
2377,26961,0.975033
2378,26971,0.975027
2379,26981,0.975044
2380,26988,0.975006
2381,26999,0.974989
2382,27008,0.975006
2383,27012,0.974987
2384,27023,0.974997
2385,27028,0.974980
2386,27040,0.974954
2387,27049,0.974983
2388,27055,0.974989
2389,27066,0.975001
2390,27078,0.974977
2391,27085,0.974982
2392,27102,0.974947
2393,27108,0.974920
2394,27118,0.974916
2395,27125,0.974911
2396,27133,0.974931
2397,27142,0.974908
2398,27153,0.974866
2399,27162,0.974852
2400,27174,0.974851
2401,27187,0.974869
2402,27200,0.974823
2403,27210,0.974846
2404,27223,0.974816
2405,27234,0.974807
2406,27253,0.974768
2407,27261,0.974776
2408,27271,0.974774
2409,27279,0.974758
2410,27289,0.974747
2411,27301,0.974752
2412,27314,0.974702
2413,27319,0.974715
2414,27328,0.974699
2415,27332,0.974709
2416,27345,0.974680
2417,27355,0.974651
2418,27368,0.974669
2419,27378,0.974641
2420,27387,0.974616
2421,27405,0.974583
2422,27419,0.974608
2423,27433,0.974602
2424,27440,0.974599
2425,27445,0.974592
2426,27463,0.974594
2427,27467,0.974576
2428,27478,0.974573
2429,27485,0.974562
2430,27495,0.974527
2431,27509,0.974535
2432,27517,0.974537
2433,27527,0.974550
2434,27537,0.974521
2435,27546,0.974515
2436,27565,0.974455
2437,27574,0.974470
2438,27580,0.974442
2439,27597,0.974393
2440,27607,0.974398
2441,27615,0.974394
2442,27628,0.974380
2443,27636,0.974354
2444,27647,0.974402
2445,27657,0.974390
2446,27677,0.974379
2447,27689,0.974396
2448,27699,0.974364
2449,27711,0.974336
2450,27720,0.974351
2451,27729,0.974348
2452,27740,0.974298
2453,27753,0.974293
2454,27765,0.974275
2455,27777,0.974318
2456,27787,0.974335
2457,27798,0.974317
2458,27807,0.974258
2459,27815,0.974237
2460,27824,0.974247
2461,27838,0.974287
2462,27843,0.974243
2463,27853,0.974243
2464,27863,0.974220
2465,27874,0.974239
2466,27885,0.974222
2467,27897,0.974198
2468,27909,0.974189
2469,27916,0.974148
2470,27929,0.974121
2471,27943,0.974129
2472,27953,0.974080
2473,27959,0.974061
2474,27969,0.974068
2475,27979,0.974108
2476,27988,0.974109
2477,28002,0.974129
2478,28012,0.974060
2479,28027,0.974051
2480,28038,0.974018
2481,28054,0.974018
2482,28062,0.973996
2483,28070,0.973989
2484,28090,0.973987
2485,28099,0.973989
2486,28114,0.973976
2487,28124,0.973976
2488,28138,0.973961
2489,28153,0.973959
2490,28161,0.973940
2491,28172,0.973922
2492,28182,0.973910
2493,28192,0.973930
2494,28200,0.973922
2495,28214,0.973880
2496,28222,0.973853
2497,28224,0.973867
2498,28234,0.973852
2499,28242,0.973838
2500,28250,0.973851
2501,28259,0.973840
2502,28272,0.973780
2503,28283,0.973776
2504,28296,0.973769
2505,28305,0.973765
2506,28313,0.973789
2507,28329,0.973760
2508,28338,0.973735
2509,28348,0.973725
2510,28358,0.973721
2511,28363,0.973716
2512,28379,0.973709
2513,28394,0.973704
2514,28407,0.973697
2515,28419,0.973671
2516,28426,0.973642
2517,28442,0.973644
2518,28451,0.973638
2519,28463,0.973642
2520,28476,0.973666
2521,28486,0.973611
2522,28502,0.973586
2523,28513,0.973588
2524,28516,0.973565
2525,28523,0.973573
2526,28528,0.973571
2527,28540,0.973556
2528,28548,0.973570
2529,28555,0.973623
2530,28568,0.973576
2531,28581,0.973553
2532,28593,0.973511
2533,28604,0.973513
2534,28612,0.973495
2535,28622,0.973474
2536,28637,0.973440
2537,28647,0.973431
2538,28656,0.973478
2539,28667,0.973475
2540,28678,0.973444
2541,28686,0.973450
2542,28694,0.973427
2543,28703,0.973410
2544,28712,0.973423
2545,28727,0.973437
2546,28738,0.973422
2547,28753,0.973405
2548,28761,0.973361
2549,28770,0.973360
2550,28779,0.973363
2551,28786,0.973390
2552,28796,0.973371
2553,28808,0.973327
2554,28818,0.973324
2555,28822,0.973329
2556,28830,0.973317
2557,28839,0.973349
2558,28849,0.973314
2559,28861,0.973304
2560,28871,0.973280
2561,28878,0.973291
2562,28892,0.973255
2563,28905,0.973235
2564,28918,0.973235
2565,28930,0.973247
2566,28939,0.973232
2567,28949,0.973174
2568,28964,0.973162
2569,28979,0.973159
2570,28986,0.973174
2571,28997,0.973175
2572,28999,0.973149
2573,29012,0.973098
2574,29025,0.973056
2575,29031,0.973048
2576,29037,0.973073
2577,29053,0.973101
2578,29062,0.973066
2579,29075,0.973084
2580,29079,0.973056
2581,29086,0.973034
2582,29096,0.973050
2583,29109,0.973039
2584,29111,0.973021
2585,29127,0.972994
2586,29146,0.972966
2587,29154,0.972974
2588,29162,0.972982
2589,29167,0.972979
2590,29172,0.972951
2591,29178,0.972968
2592,29188,0.972955
2593,29199,0.972939
2594,29213,0.972920
2595,29223,0.972890
2596,29237,0.972881
2597,29249,0.972878
2598,29254,0.972900
2599,29263,0.972908
2600,29275,0.972854
2601,29290,0.972850
2602,29302,0.972845
2603,29311,0.972848
2604,29316,0.972816
2605,29326,0.972811
2606,29339,0.972763
2607,29349,0.972778
2608,29357,0.972789
2609,29375,0.972796
2610,29384,0.972807
2611,29395,0.972797
2612,29401,0.972730
2613,29411,0.972697
2614,29419,0.972694
2615,29430,0.972703
2616,29439,0.972678
2617,29448,0.972709
2618,29457,0.972706
2619,29469,0.972689
2620,29487,0.972632
2621,29497,0.972601
2622,29507,0.972548
2623,29518,0.972559
2624,29533,0.972591
2625,29542,0.972553
2626,29551,0.972554
2627,29566,0.972549
2628,29580,0.972548
2629,29591,0.972538
2630,29599,0.972563
2631,29608,0.972556
2632,29618,0.972549
2633,29628,0.972529
2634,29642,0.972482
2635,29650,0.972466
2636,29660,0.972469
2637,29670,0.972494
2638,29682,0.972481
2639,29684,0.972434
2640,29697,0.972450
2641,29711,0.972451
2642,29721,0.972420
2643,29728,0.972446
2644,29740,0.972426
2645,29752,0.972414
2646,29771,0.972440
2647,29779,0.972393
2648,29790,0.972368
2649,29806,0.972371
2650,29816,0.972357
2651,29829,0.972361
2652,29837,0.972344
2653,29850,0.972333
2654,29857,0.972323
2655,29866,0.972271
2656,29873,0.972233
2657,29880,0.972189
2658,29892,0.972176
2659,29901,0.972193
2660,29907,0.972201
2661,29919,0.972211
2662,29927,0.972186
2663,29942,0.972191
2664,29955,0.972172
2665,29965,0.972165
2666,29977,0.972165
2667,29985,0.972110
2668,29993,0.972130
2669,30001,0.972150
2670,30010,0.972118
2671,30025,0.972087
2672,30031,0.972091
2673,30039,0.972070
2674,30046,0.972041
2675,30056,0.972046
2676,30067,0.972006
2677,30079,0.972007
2678,30097,0.971983
2679,30106,0.971995
2680,30117,0.971983
2681,30125,0.971931
2682,30138,0.971905
2683,30155,0.971900
2684,30167,0.971879
2685,30182,0.971830
2686,30189,0.971846
2687,30201,0.971839
2688,30214,0.971845
2689,30227,0.971843
2690,30243,0.971878
2691,30247,0.971838
2692,30261,0.971833
2693,30274,0.971840
2694,30283,0.971850
2695,30289,0.971809
2696,30299,0.971802
2697,30311,0.971775
2698,30321,0.971802
2699,30332,0.971806
2700,30343,0.971774
2701,30350,0.971759
2702,30364,0.971747
2703,30373,0.971731
2704,30380,0.971710
2705,30388,0.971729
2706,30396,0.971679
2707,30404,0.971676
2708,30414,0.971692
2709,30426,0.971716
2710,30433,0.971709
2711,30440,0.971702
2712,30450,0.971687
2713,30459,0.971675
2714,30470,0.971666
2715,30485,0.971620
2716,30502,0.971607
2717,30507,0.971570
2718,30524,0.971564
2719,30540,0.971537
2720,30550,0.971515
2721,30559,0.971484
2722,30578,0.971468
2723,30587,0.971451
2724,30599,0.971454
2725,30615,0.971463
2726,30628,0.971439
2727,30638,0.971454
2728,30643,0.971454
2729,30657,0.971425
2730,30668,0.971397
2731,30683,0.971385
2732,30697,0.971398
2733,30707,0.971400
2734,30713,0.971401
2735,30724,0.971388
2736,30734,0.971391
2737,30747,0.971312
2738,30750,0.971331
2739,30764,0.971311
2740,30771,0.971309
2741,30783,0.971294
2742,30799,0.971281
2743,30812,0.971236
2744,30829,0.971181
2745,30835,0.971201
2746,30849,0.971164
2747,30863,0.971140
2748,30872,0.971174
2749,30879,0.971158
2750,30895,0.971134
2751,30905,0.971145
2752,30917,0.971127
2753,30928,0.971119
2754,30933,0.971121
2755,30938,0.971125
2756,30945,0.971144
2757,30957,0.971106
2758,30973,0.971127
2759,30980,0.971109
2760,30989,0.971086
2761,30998,0.971081
2762,31005,0.971071
2763,31016,0.971058
2764,31025,0.971046
2765,31032,0.971058
2766,31045,0.971030
2767,31056,0.971052
2768,31065,0.971044
2769,31076,0.971046
2770,31088,0.971033
2771,31099,0.970987
2772,31107,0.970960
2773,31120,0.970952
2774,31130,0.970974
2775,31140,0.970926
2776,31151,0.970933
2777,31156,0.970961
2778,31164,0.970963
2779,31177,0.970933
2780,31186,0.970927
2781,31198,0.970911
2782,31212,0.970913
2783,31221,0.970915
2784,31235,0.970900
2785,31244,0.970891
2786,31252,0.970889
2787,31264,0.970891
2788,31273,0.970862
2789,31285,0.970820
2790,31287,0.970833
2791,31301,0.970805
2792,31308,0.970857
2793,31321,0.970821
2794,31339,0.970829
2795,31346,0.970823
2796,31356,0.970779
2797,31366,0.970781
2798,31377,0.970754
2799,31389,0.970710
2800,31401,0.970713
2801,31411,0.970737
2802,31422,0.970707
2803,31431,0.970706
2804,31440,0.970700
2805,31453,0.970714
2806,31464,0.970689
2807,31475,0.970661
2808,31487,0.970633
2809,31502,0.970627
2810,31515,0.970629
2811,31526,0.970642
2812,31536,0.970629
2813,31551,0.970621
2814,31562,0.970606
2815,31574,0.970594
2816,31589,0.970562
2817,31604,0.970578
2818,31615,0.970585
2819,31625,0.970576
2820,31635,0.970540
2821,31648,0.970530
2822,31661,0.970474
2823,31672,0.970505
2824,31681,0.970504
2825,31697,0.970462
2826,31708,0.970408
2827,31712,0.970398
2828,31728,0.970399
2829,31734,0.970371
2830,31753,0.970390
2831,31765,0.970382
2832,31773,0.970383
2833,31780,0.970366
2834,31790,0.970370
2835,31803,0.970367
2836,31817,0.970341
2837,31831,0.970337
2838,31843,0.970297
2839,31851,0.970311
2840,31860,0.970315
2841,31864,0.970296
2842,31870,0.970240
2843,31886,0.970273
2844,31900,0.970278
2845,31911,0.970297
2846,31925,0.970279
2847,31938,0.970269
2848,31951,0.970238
2849,31963,0.970252
2850,31970,0.970226
2851,31979,0.970210
2852,31988,0.970162
2853,31989,0.970178
2854,32001,0.970150
2855,32011,0.970139
2856,32018,0.970122
2857,32028,0.970150
2858,32039,0.970170
2859,32051,0.970127
2860,32060,0.970118
2861,32062,0.970118
2862,32078,0.970125
2863,32084,0.970093
2864,32097,0.970102
2865,32109,0.970100
2866,32113,0.970070
2867,32127,0.970057
2868,32140,0.970069
2869,32149,0.970048
2870,32162,0.970061
2871,32167,0.969991
2872,32181,0.970008
2873,32192,0.969988
2874,32206,0.969978
2875,32213,0.969967
2876,32218,0.969957
2877,32229,0.969913
2878,32237,0.969907
2879,32250,0.969926
2880,32263,0.969905
2881,32268,0.969934
2882,32281,0.969921
2883,32293,0.969911
2884,32300,0.969893
2885,32309,0.969846
2886,32314,0.969889
2887,32324,0.969853
2888,32339,0.969835
2889,32358,0.969836
2890,32371,0.969832
2891,32377,0.969799
2892,32387,0.969804
2893,32397,0.969819
2894,32406,0.969845
2895,32412,0.969793
2896,32422,0.969776
2897,32431,0.969756
2898,32444,0.969724
2899,32453,0.969708
2900,32462,0.969723
2901,32471,0.969692
2902,32476,0.969673
2903,32493,0.969667
2904,32505,0.969657
2905,32510,0.969658
2906,32516,0.969647
2907,32527,0.969641
2908,32534,0.969627
2909,32544,0.969617
2910,32560,0.969594
2911,32573,0.969585
2912,32585,0.969584
2913,32593,0.969551
2914,32601,0.969561
2915,32609,0.969570
2916,32616,0.969542
2917,32628,0.969547
2918,32634,0.969535
2919,32644,0.969500
2920,32654,0.969475
2921,32663,0.969484
2922,32675,0.969492
2923,32688,0.969464
2924,32702,0.969375
2925,32716,0.969424
2926,32721,0.969433
2927,32730,0.969390
2928,32737,0.969436
2929,32750,0.969442
2930,32764,0.969392
2931,32776,0.969398
2932,32791,0.969409
2933,32799,0.969364
2934,32814,0.969334
2935,32825,0.969324
2936,32829,0.969268
2937,32842,0.969270
2938,32851,0.969227
2939,32872,0.969247
2940,32887,0.969259
2941,32895,0.969279
2942,32910,0.969266
2943,32918,0.969261
2944,32927,0.969276
2945,32935,0.969291
2946,32946,0.969270
2947,32958,0.969267
2948,32969,0.969244
2949,32973,0.969228
2950,32980,0.969188
2951,32993,0.969153
2952,33012,0.969137
2953,33023,0.969136
2954,33035,0.969121
2955,33047,0.969111
2956,33058,0.969116
2957,33066,0.969111
2958,33078,0.969063
2959,33089,0.969055
2960,33096,0.969031
2961,33101,0.969034
2962,33112,0.969046
2963,33124,0.969074
2964,33133,0.969051
2965,33143,0.969066
2966,33160,0.969041
2967,33177,0.969061
2968,33186,0.968987
2969,33198,0.968965
2970,33209,0.968955
2971,33213,0.968966
2972,33226,0.968973
2973,33233,0.969011
2974,33243,0.969011
2975,33252,0.968983
2976,33264,0.968974
2977,33275,0.969006
2978,33284,0.968989
2979,33296,0.968971
2980,33307,0.968977
2981,33316,0.968947
2982,33332,0.968900
2983,33341,0.968897
2984,33354,0.968900
2985,33357,0.968888
2986,33367,0.968866
2987,33382,0.968870
2988,33388,0.968845
2989,33393,0.968841
2990,33404,0.968858
2991,33416,0.968793
2992,33427,0.968779
2993,33436,0.968817
2994,33450,0.968785
2995,33455,0.968790
2996,33470,0.968759
2997,33482,0.968768
2998,33489,0.968761
2999,33512,0.968716
3000,33520,0.968686